type, nom, note
Librairie, Librairie principale, 4
Boutique, Boutique de quartier, 3
Magasin en ligne, Online Books, 5
Librairie, Librairie secondaire, 4
Boutique, Boutique du centre-ville, 3
Supermarché, SuperBooks, 5
Librairie, Librairie des enfants, 4
Boutique, Boutique de bande dessinée, 3
Librairie, Librairie de poche, 4
Boutique, Boutique de romans classiques, 3
Librairie, Librairie principale, 4
Boutique, Boutique de quartier, 3
Magasin en ligne, Online Books, 5
Librairie, Librairie secondaire, 4
Boutique, Boutique du centre-ville, 3
Supermarché, SuperBooks, 5
Librairie, Librairie des enfants, 4
Boutique, Boutique de bande dessinée, 3
Librairie, Librairie de poche, 4
Boutique, Boutique de romans classiques, 3


date, resume, numero, page, titre, auteur
2023-10-01, Luffy et son équipage naviguent vers Grand Line..., 1, 100, One Piece 1, Eiichiro Oda
2023-10-15, Les chapeaux de paille affrontent de redoutables adversaires..., 2, 120, One Piece 2, Eiichiro Oda
2023-11-01, L'équipage découvre un mystérieux trésor antique..., 3, 150, One Piece 3, Eiichiro Oda
2023-11-15, Une bataille épique contre les forces du Gouvernement Mondial..., 4, 200, One Piece 4, Eiichiro Oda
2023-12-01, Luffy fait face à un puissant rival lors du tournoi des pirates..., 5, 180, One Piece 5, Eiichiro Oda
2023-12-15, Une île mystérieuse renfermant un secret millénaire..., 6, 160, One Piece 6, Eiichiro Oda
2024-01-01, L'équipage se lance dans une quête pour trouver le One Piece ultime..., 7, 220, One Piece 7, Eiichiro Oda
2024-01-15, Une alliance improbable se forme pour affronter un ennemi commun..., 8, 190, One Piece 8, Eiichiro Oda
2024-02-01, Luffy défie un empereur des mers pour sauver ses amis..., 9, 140, One Piece 9, Eiichiro Oda
2024-02-15, La véritable histoire des chapeaux de paille est enfin révélée..., 10, 170, One Piece 10, Eiichiro Oda
2023-10-01, Luffy et son équipage naviguent vers Grand Line..., 11, 100, One Piece 11, Eiichiro Oda
2023-10-15, Les chapeaux de paille affrontent de redoutables adversaires..., 12, 120, One Piece 12, Eiichiro Oda
2023-11-01, L'équipage découvre un mystérieux trésor antique..., 13, 150, One Piece 13, Eiichiro Oda
2023-11-15, Une bataille épique contre les forces du Gouvernement Mondial..., 14, 200, One Piece 14, Eiichiro Oda
2023-12-01, Luffy fait face à un puissant rival lors du tournoi des pirates..., 15, 180, One Piece 15, Eiichiro Oda
2023-12-15, Une île mystérieuse renfermant un secret millénaire..., 16, 160, One Piece 16, Eiichiro Oda
2024-01-01, L'équipage se lance dans une quête pour trouver le One Piece ultime..., 17, 220, One Piece 17, Eiichiro Oda
2024-01-15, Une alliance improbable se forme pour affronter un ennemi commun..., 18, 190, One Piece 18, Eiichiro Oda
2024-02-01, Luffy défie un empereur des mers pour sauver ses amis..., 19, 140, One Piece 19, Eiichiro Oda
2024-02-15, La véritable histoire des chapeaux de paille est enfin révélée..., 20, 170, One Piece 20, Eiichiro Oda



id_tome, id_magasin, prix, nombre_tome
1, 1, 9.99, 10
2, 1, 8.99, 5
1, 2, 10.99, 3
3, 2, 12.99, 8
4, 3, 11.99, 6
5, 3, 9.99, 4
6, 4, 14.99, 12
7, 4, 13.99, 9
8, 5, 10.99, 7
9, 5, 8.99, 2
10, 1, 9.99, 10
11, 1, 8.99, 5
12, 2, 10.99, 3
13, 2, 12.99, 8
14, 3, 11.99, 6
15, 3, 9.99, 4
16, 4, 14.99, 12
17, 4, 13.99, 9
18, 5, 10.99, 7
19, 5, 8.99, 2


prix_depart, nom, nombre, description
19.99, Figurine Monkey D. Luffy, 20, Une figurine détaillée de Monkey D. Luffy le capitaine intrépide de l'équipage du Chapeau de Paille
14.99, Figurine Roronoa Zoro, 15, Une figurine capturant la puissance et la détermination de Roronoa Zoro le talentueux sabreur
9.99, Figurine Nami, 30, Une figurine représentant Nami la navigatrice experte de l'équipage de Monkey D. Luffy
12.99, Figurine Portgas D. Ace, 10, Une figurine rendant hommage à Portgas D. Ace le frère adoptif de Luffy et un puissant pirate
8.99, Figurine Tony Tony Chopper, 25, Une figurine adorable de Tony Tony Chopper le renne médecin et membre de l'équipage de Luffy
24.99, Figurine Barbe Blanche, 5, Une figurine imposante de Barbe Blanche le légendaire capitaine de l'équipage de Barbe Blanche
17.99, Figurine Nico Robin, 12, Une figurine mettant en valeur la beauté et l'intelligence de Nico Robin l'archéologue du groupe de Luffy
11.99, Figurine Trafalgar D. Water Law, 8, Une figurine représentant Trafalgar D. Water Law le capitaine charismatique des Heart Pirates
13.99, Figurine Boa Hancock, 6, Une figurine captivante de Boa Hancock la belle et puissante impératrice de l'île des Amazones
15.99, Figurine Shanks le Roux, 18, Une figurine élégante de Shanks le Roux l'un des Quatre Empereurs et mentor de Luffy
19.99, Figurine Monkey D. Luffy, 20, Une figurine détaillée de Monkey D. Luffy le capitaine intrépide de l'équipage du Chapeau de Paille
14.99, Figurine Roronoa Zoro, 15, Une figurine capturant la puissance et la détermination de Roronoa Zoro le talentueux sabreur
9.99, Figurine Nami, 30, Une figurine représentant Nami la navigatrice experte de l'équipage de Monkey D. Luffy
12.99, Figurine Portgas D. Ace, 10, Une figurine rendant hommage à Portgas D. Ace le frère adoptif de Luffy et un puissant pirate
8.99, Figurine Tony Tony Chopper, 25, Une figurine adorable de Tony Tony Chopper le renne médecin et membre de l'équipage de Luffy
24.99, Figurine Barbe Blanche, 5, Une figurine imposante de Barbe Blanche le légendaire capitaine de l'équipage de Barbe Blanche
17.99, Figurine Nico Robin, 12, Une figurine mettant en valeur la beauté et l'intelligence de Nico Robin l'archéologue du groupe de Luffy
11.99, Figurine Trafalgar D. Water Law, 8, Une figurine représentant Trafalgar D. Water Law le capitaine charismatique des Heart Pirates
13.99, Figurine Boa Hancock, 6, Une figurine captivante de Boa Hancock la belle et puissante impératrice de l'île des Amazones
15.99, Figurine Shanks le Roux, 18, Une figurine élégante de Shanks le Roux l'un des Quatre Empereurs et mentor de Luffy


id_produit, prix_client
1, 22.50
2, 18.75
3, 15.00
4, 20.50
5, 25.00
6, 23.75
7, 19.99
8, 17.50
9, 14.99
10, 21.25
11, 22.50
12, 18.75
13, 15.00
14, 20.50
15, 25.00
16, 23.75
17, 19.99
18, 17.50
19, 14.99
20, 21.25