joueur_id, nom, prenom, age, poste, taille, poids, date_naissance, nationalite, photo_url, equipe_id
1, 'Brookes', 'Kieran', 32, 'Pilier Droit', 1.87, 120, '1990-08-29', 'Angleterre', 'image/pro/Brookes_Kieran.png', 1
2, 'Devaux', 'Bruce', 26, 'Pilier Gauche', 1.83, 107, '1996-11-14', 'France', 'image/pro/Devaux_Bruce.png', 1
3, 'Fresia', 'Florian', 31, 'Pilier Gauche', 1.84, 113, '1992-01-17', 'France', 'image/pro/Fresia_Florian.png', 1
4, 'Gigashvili', 'Beka', 31, 'Pilier Droit', 1.79, 116, '1992-02-17', 'Géorgie', 'image/pro/Gigashvili_Beka.png', 1
5, 'Gros', 'Jean-Baptiste', 23, 'Pilier Gauche', 1.86, 112, '1999-05-29', 'France', 'image/pro/Gros_Jean-Baptiste.png', 1
6, 'Priso', 'Dany', 29, 'Pilier Gauche', 1.82, 112, '1994-01-02', 'Cameroun', 'image/pro/Priso_Dany.png', 1
7, 'Setiano', 'Emerick', 26, 'Pilier Droit', 1.83, 115, '1996-07-19', 'France', 'image/pro/Setiano_Emerick.png', 1
8, 'Baubigny', 'Teddy', 24, 'Talonneur', 1.84, 109, '1998-09-02', 'France', 'image/pro/Baubigny_Teddy.png', 1
9, 'Etrillard', 'Anthony', 30, 'Talonneur', 1.8, 107, '1993-03-21', 'France', 'image/pro/Etrillard_Anthony.png', 1
10, 'Tolofua', 'Christopher', 29, 'Talonneur', 1.83, 122, '1993-12-31', 'France', 'image/pro/Tolofua_Christopher.png', 1
11, "Alainu'uese", 'Brian', 29, 'Deuxième Ligne', 2.02, 132, '1994-03-19', 'Nouvelle-Zélande', "image/pro/Alainu'uese_Brian.png", 1
12, 'Rebbadj', 'Swan', 28, 'Deuxième Ligne', 2.01, 115, '1995-01-15', 'France', 'image/pro/Rebbadj_Swan.png', 1
13, 'Tanguy', 'Mathieu', 26, 'Deuxième Ligne', 1.95, 117, '1996-06-05', 'France', 'image/pro/Tanguy_Mathieu.png', 1
14, 'Warion', 'Adrien', 22, 'Deuxième Ligne', 2.02, 115, '2001-01-07', 'France', 'image/pro/Warion_Adrien.png', 1
15, 'Bastareaud', 'Mathieu', 34, 'Troisième Ligne', 1.89, 125, '1988-09-17', 'France', 'image/pro/Bastareaud_Mathieu.png', 1
16, 'Coulon', 'Jules', 20, 'Troisième Ligne', 1.89, 104, '2002-07-04', 'France', 'image/pro/Coulon_Jules.png', 1
17, 'Du Preez', 'Cornell', 32, 'Troisième Ligne', 1.9, 107, '1991-03-23', 'Afrique du Sud', 'image/pro/Du-Preez_Cornell.png', 1
18, 'Isa', 'Facundo', 27, 'Troisième Ligne', 1.88, 110, '1995-09-21', 'Argentine', 'image/pro/Isa_Facundo.png', 1
19, 'Lakafia', 'Raphaël', 34, 'Troisième Ligne', 1.89, 110, '1988-10-28', 'France', 'image/pro/Lakafia_Raphael.png', 1
20, 'Ollivon', 'Charles', 29, 'Troisième Ligne', 1.99, 114, '1993-05-11', 'France', 'image/pro/Ollivon_Charles.png', 1
21, 'Parisse', 'Sergio', 39, 'Troisième Ligne', 1.94, 109, '1983-09-12', 'Italie', 'image/pro/Parisse_Sergio.png', 1
22, 'Danglot', 'Jules', 21, 'Demi de mêlée', 1.72, 74, '2001-08-06', 'France', 'image/pro/Danglot_Jules.png', 1
23, 'Paillaugue', 'Benoît', 35, 'Demi de mêlée', 1.72, 70, '1987-11-17', 'France', 'image/pro/Paillaugue_Benoit.png', 1
24, 'Serin', 'Baptiste', 28, 'Demi de mêlée', 1.82, 83, '1994-06-20', 'France', 'image/pro/Serin_Baptiste.png', 1
25, 'Biggar', 'Dan', 33, "Demi d'ouverture", 1.88, 84, '1989-10-16', 'Pays de Galles', 'image/pro/Biggar_Dan.png', 1
26, 'Smaïli', 'Mathieu', 23, "Demi d'ouverture", 1.8, 87, '1999-08-30', 'France', 'image/pro/Smaili_Mathieu.png', 1
27, 'West', 'Ihaia', 31, "Demi d'ouverture", 1.75, 82, '1992-01-16', 'Nouvelle-Zélande', 'image/pro/West_Ihaia.png', 1
28, 'Nayacalevu', 'Waisea', 32, 'Trois-Quarts Centre', 1.94, 104, '1990-06-26', 'Fidji', 'image/pro/Nayacalevu_Waisea.png', 1
29, "Paia'aua", 'Duncan', 28, 'Trois-Quarts Centre', 1.83, 92, '1995-01-20', 'Australie', 'image/pro/Paiaaua_Duncan.png', 1
30, 'Rabut', 'Maëlan', 26, 'Trois-Quarts Centre', 1.95, 98, '1996-09-08', 'France', 'image/pro/Rabut_Maelan.png', 1
31, 'Rebbadj', 'Rayan', 23, 'Trois-Quarts Centre', 1.9, 93, '1999-08-15', 'France', 'image/pro/Rebbadj_Rayan.png', 1
32, 'Septar', 'Atila', 26, 'Trois-Quarts Centre', 1.94, 99, '1996-06-02', 'France', 'image/pro/Septar_Atila.png', 1
33, 'Sinzelle', 'Jérémy', 32, 'Trois-Quarts Centre', 1.84, 98, '1990-07-02', 'France', 'image/pro/Sinzelle_Jeremy.png', 1
34, 'Kolbe', 'Cheslin', 29, 'Trois-Quarts Aile', 1.71, 78, '1993-10-28', 'Afrique du Sud', 'image/pro/Kolbe_Cheslin.png', 1
35, 'Robert', 'Kalani', 22, 'Trois-Quarts Aile', 1.84, 84, '2001-01-27', 'France', 'image/pro/Robert_Kalani.png', 1
36, 'Villière', 'Gabin', 27, 'Trois-Quarts Aile', 1.8, 88, '1995-12-13', 'France', 'image/pro/Villiere_Gabin.png', 1
37, 'Wainiqolo', 'Jiuta', 24, 'Trois-Quarts Aile', 1.87, 90, '1999-03-10', 'Fidji', 'image/pro/Wainiqolo_Jiuta.png', 1
38, 'Cordin', 'Gervais', 24, 'Arrière', 1.73, 79, '1998-12-10', 'France', 'image/pro/Cordin_Gervais.png', 1
39, 'Luc', 'Aymeric', 25, 'Arrière', 1.8, 80, '1997-10-14', 'France', 'image/pro/Luc_Aymeric.png', 1
40, 'Salles', 'Thomas', 26, 'Arrière', 1.85, 88, '1996-08-19', 'France', 'image/pro/Salles_Thomas.png', 1

equipe_id,nom,ville,logo,stade
1, 'RC Toulon', 'Toulon', '/image/equipe/Toulon.png', 'Stade Mayol'
2, 'ASM Clermont', 'Clermont-Ferrand', '/image/equipe/Clermont.png', 'Stade Marcel-Michelin'
3, 'Aviron Bayonnais', 'Bayonne', '/image/equipe/Bayonne.png', 'Stade Jean-Dauger'
4, 'CA Brive', 'Brive-la-Gaillarde', '/image/equipe/Brive.png', 'Stade Amédée-Domenech'
5, 'Castres Olympique', 'Castres', '/image/equipe/Labruguiere.png', 'Stade Pierre-Fabre'
6, 'Lyon Olympique', 'Lyon', '/image/equipe/Lyon.png', 'Matmut Stadium'
7, 'Montpellier Rugby', 'Montpellier', '/image/equipe/Montpellier.png', 'GGL Stadium'
8, 'Racing 92', 'Paris', '/image/equipe/Paris.png', 'Paris La Défense Arena'
9, 'Section Paloise', 'Pau', '/image/equipe/Pau.png', 'Stade du Hameau'
10, 'Stade Français Paris', 'Paris', '/image/equipe/Plessis-Robinson.png', 'Stade Jean-Bouin'
11, 'Stade Rochelais', 'La Rochelle', '/image/equipe/Rochelle.png', 'Stade Marcel-Deflandre'
12, 'Stade Toulousain', 'Toulouse', '/image/equipe/Toulouse.png', 'Stade Ernest-Wallon'
13, 'Union Bordeaux-Bègles', 'Bordeaux', '/image/equipe/Bordeaux.png', 'Stade Chaban-Delmas'
14, 'USA Perpignan', 'Perpignan', '/image/equipe/Perpignan.png', 'Stade Aimé-Giral'

match_id, score_suivi, score_adverse, domicile, resultat, equipe_suivi, equipe_adverse, date
1, 22, 18, 0, Défaite, 8, 1, 2023-01-05
2, 28, 10, 1, Victoire, 1, 2, 2023-01-12
3, 12, 26, 0, Victoire, 3, 1, 2023-01-19
4, 32, 20, 0, Défaite, 9, 1, 2023-01-26
5, 15, 15, 1, Match Nul, 1, 10, 2023-02-02
6, 21, 18, 0, Défaite, 7, 1, 2023-02-09
7, 9, 26, 0, Victoire, 12, 1, 2023-02-16
8, 20, 23, 1, Défaite, 1, 14, 2023-02-23
9, 25, 18, 1, Victoire, 1, 11, 2023-03-02
10, 30, 16, 1, Victoire, 1, 6, 2023-03-09
11, 13, 12, 0, Défaite, 13, 1, 2023-03-16
12, 18, 25, 1, Défaite, 1, 5, 2023-03-23
13, 21, 14, 1, Victoire, 1, 4, 2023-03-30
14, 29, 16, 1, Victoire, 1, 2, 2023-04-06
15, 17, 21, 0, Victoire, 8, 1, 2023-04-13
16, 30, 25, 1, Victoire, 1, 3, 2023-04-20
17, 19, 13, 0, Défaite, 9, 1, 2023-04-27
18, 14, 14, 1, Match Nul, 1, 13, 2023-05-04
19, 16, 23, 1, Défaite, 1, 7, 2023-05-11
20, 28, 22, 1, Victoire, 1, 14, 2023-05-18
21, 20, 10, 0, Défaite, 11, 1, 2023-05-25
22, 18, 16, 0, Défaite, 6, 1, 2023-06-01
23, 23, 14, 1, Victoire, 1, 9, 2023-06-08
24, 17, 19, 1, Défaite, 1, 5, 2023-06-15
25, 21, 26, 0, Victoire, 10, 1, 2023-06-22
26, 12, 18, 1, Défaite, 1, 6, 2023-06-29
27, 24, 16, 1, Victoire, 1, 13, 2023-07-06

compo_id,numero_maillot,match_id,joueur_id
1, 1, 1, 8
2, 2, 1, 15
3, 3, 1, 3
4, 4, 1, 4
5, 5, 1, 5
6, 6, 1, 6
7, 7, 1, 7
8, 8, 1, 9
9, 9, 1, 10
10, 10, 1, 25
11, 11, 1, 12
12, 12, 1, 13
13, 13, 1, 14
14, 14, 1, 11
15, 15, 1, 39
16, 1, 2, 8
17, 2, 2, 15
18, 3, 2, 3
19, 4, 2, 4
20, 5, 2, 5
21, 6, 2, 6
22, 7, 2, 7
23, 8, 2, 9
24, 9, 2, 10
25, 10, 2, 25
26, 11, 2, 12
27, 12, 2, 13
28, 13, 2, 14
29, 14, 2, 11
30, 15, 2, 39
31, 1, 3, 8
32, 2, 3, 15
33, 3, 3, 3
34, 4, 3, 4
35, 5, 3, 5
36, 6, 3, 6
37, 7, 3, 7
38, 8, 3, 9
39, 9, 3, 10
40, 10, 3, 25
41, 11, 3, 12
42, 12, 3, 13
43, 13, 3, 14
44, 14, 3, 11
45, 15, 3, 40
46, 1, 4, 8
47, 2, 4, 15
48, 3, 4, 3
49, 4, 4, 4
50, 5, 4, 5
51, 6, 4, 6
52, 7, 4, 7
53, 8, 4, 9
54, 9, 4, 10
55, 10, 4, 25
56, 11, 4, 12
57, 12, 4, 13
58, 13, 4, 14
59, 14, 4, 11
60, 15, 4, 40
61, 1, 5, 8
62, 2, 5, 15
63, 3, 5, 3
64, 4, 5, 4
65, 5, 5, 5
66, 6, 5, 6
67, 7, 5, 7
68, 8, 5, 9
69, 9, 5, 10
70, 10, 5, 25
71, 11, 5, 12
72, 12, 5, 13
73, 13, 5, 14
74, 14, 5, 11
75, 15, 5, 40
76, 1, 6, 8
77, 2, 6, 15
78, 3, 6, 3
79, 4, 6, 4
80, 5, 6, 5
81, 6, 6, 6
82, 7, 6, 7
83, 8, 6, 9
84, 9, 6, 10
85, 10, 6, 25
86, 11, 6, 12
87, 12, 6, 13
88, 13, 6, 14
89, 14, 6, 11
90, 15, 6, 40
91, 1, 7, 8
92, 2, 7, 15
93, 3, 7, 3
94, 4, 7, 4
95, 5, 7, 5
96, 6, 7, 6
97, 7, 7, 7
98, 8, 7, 9
99, 9, 7, 10
100, 10, 7, 25
101, 11, 7, 12
102, 12, 7, 13
103, 13, 7, 14
104, 14, 7, 11
105, 15, 7, 40
106, 1, 8, 8
107, 2, 8, 15
108, 3, 8, 3
109, 4, 8, 4
110, 5, 8, 5
111, 6, 8, 6
112, 7, 8, 7
113, 8, 8, 9
114, 9, 8, 10
115, 10, 8, 25
116, 11, 8, 12
117, 12, 8, 13
118, 13, 8, 14
119, 14, 8, 11
120, 15, 8, 40
121, 1, 9, 8
122, 2, 9, 15
123, 3, 9, 3
124, 4, 9, 4
125, 5, 9, 5
126, 6, 9, 6
127, 7, 9, 7
128, 8, 9, 9
129, 9, 9, 10
130, 10, 9, 25
131, 11, 9, 12
132, 12, 9, 13
133, 13, 9, 14
134, 14, 9, 11
135, 15, 9, 40
136, 1, 10, 8
137, 2, 10, 15
138, 3, 10, 3
139, 4, 10, 4
140, 5, 10, 5
140, 6, 10, 6
142, 7, 10, 7
143, 8, 10, 9
144, 9, 10, 10
145, 10, 10, 25
146, 11, 10, 12
147, 12, 10, 13
148, 13, 10, 14
149, 14, 10, 11
150, 15, 10, 40

evenement_id, type_evenement, minute, match_id, joueur_id
1, Essai, 12, 1, 8
2, Transformation, 13, 1, 8
3, Carton Jaune, 27, 1, 12
4, Essai, 35, 1, 9
5, Drop, 47, 1, 10
6, Essai, 53, 1, 11
7, Carton Jaune, 60, 1, 13
8, Carton Rouge, 75, 1, 14
9, Essai, 80, 1, 8
10, Carton Jaune, 82, 1, 12
11, Essai, 5, 2, 1
12, Transformation, 7, 2, 1
13, Drop, 23, 2, 2
14, Essai, 35, 2, 2
15, Carton Jaune, 42, 2, 4
16, Essai, 48, 2, 1
17, Carton Jaune, 55, 2, 3
18, Essai, 66, 2, 4
19, Carton Rouge, 72, 2, 4
20, Essai, 80, 2, 1
21, Essai, 10, 3, 3
22, Transformation, 12, 3, 3
23, Carton Jaune, 27, 3, 5
24, Carton Jaune, 32, 3, 6
25, Essai, 38, 3, 3
26, Carton Rouge, 40, 3, 6
27, Drop, 50, 3, 5
28, Essai, 60, 3, 3
29, Essai, 65, 3, 3
30, Carton Jaune, 70, 3, 5
31, Essai, 15, 4, 9
32, Transformation, 16, 4, 9
33, Essai, 30, 4, 10
34, Drop, 42, 4, 11
35, Carton Jaune, 50, 4, 14
36, Essai, 58, 4, 9
37, Carton Jaune, 62, 4, 14
38, Carton Rouge, 75, 4, 13
39, Essai, 80, 4, 9
40, Carton Jaune, 82, 4, 14
41, Essai, 10, 5, 1
42, Transformation, 11, 5, 1
43, Carton Jaune, 25, 5, 3
44, Essai, 38, 5, 1
45, Drop, 45, 5, 2
46, Essai, 52, 5, 1
47, Carton Jaune, 60, 5, 3
48, Carton Rouge, 75, 5, 4
49, Essai, 80, 5, 1
50, Carton Jaune, 82, 5, 3
51, Essai, 7, 6, 2
52, Transformation, 8, 6, 2
53, Carton Jaune, 22, 6, 4
54, Essai, 33, 6, 3
55, Drop, 47, 6, 2
56, Essai, 54, 6, 2
57, Carton Jaune, 62, 6, 4
58, Carton Rouge, 75, 6, 5
59, Essai, 80, 6, 2
60, Carton Jaune, 82, 6, 4
61, Essai, 15, 7, 12
62, Transformation, 17, 7, 12
63, Essai, 25, 7, 9
64, Drop, 40, 7, 8
65, Carton Jaune, 48, 7, 13
66, Essai, 53, 7, 12
67, Carton Jaune, 60, 7, 14
68, Carton Rouge, 75, 7, 11
69, Essai, 80, 7, 12
70, Carton Jaune, 82, 7, 13
71, Essai, 5, 8, 1
72, Transformation, 7, 8, 1
73, Carton Jaune, 23, 8, 3
74, Essai, 35, 8, 2
75, Drop, 42, 8, 1
76, Essai, 48, 8, 4
77, Carton Jaune, 55, 8, 3
78, Carton Rouge, 72, 8, 5
79, Essai, 80, 8, 1
80, Carton Jaune, 82, 8, 3
81, Essai, 10, 9, 1
82, Transformation, 12, 9, 1
83, Carton Jaune, 27, 9, 4
84, Essai, 38, 9, 2
85, Drop, 45, 9, 1
86, Essai, 52, 9, 3
87, Carton Jaune, 60, 9, 4
88, Carton Rouge, 75, 9, 6
89, Essai, 80, 9, 1
90, Carton Jaune, 82, 9, 4
91, Essai, 15, 10, 13
92, Transformation, 17, 10, 13
93, Essai, 25, 10, 9
94, Drop, 40, 10, 8
95, Carton Jaune, 48, 10, 12
96, Essai, 53, 10, 13
97, Carton Jaune, 60, 10, 14
98, Carton Rouge, 75, 10, 11
99, Essai, 80, 10, 13
100, Carton Jaune, 82, 10, 12
101, Essai, 7, 11, 4
102, Transformation, 8, 11, 4
103, Carton Jaune, 22, 11, 6
104, Essai, 33, 11, 5
105, Drop, 47, 11, 4
106, Essai, 54, 11, 4
107, Carton Jaune, 62, 11, 6
108, Carton Rouge, 75, 11, 9
109, Essai, 80, 11, 4
110, Carton Jaune, 82, 11, 6
111, Essai, 15, 12, 1
112, Transformation, 17, 12, 1
113, Essai, 25, 12, 10
114, Drop, 40, 12, 9
115, Carton Jaune, 48, 12, 14
116, Essai, 53, 12, 1
117, Carton Jaune, 60, 12, 13
118, Carton Rouge, 75, 12, 12
119, Essai, 80, 12, 1
120, Carton Jaune, 82, 12, 14
121, Essai, 5, 13, 2
122, Transformation, 7, 13, 2
123, Carton Jaune, 23, 13, 5
124, Essai, 35, 13, 2
125, Drop, 42, 13, 1
126, Essai, 48, 13, 3
127, Carton Jaune, 55, 13, 5
128, Carton Rouge, 72, 13, 6
129, Essai, 80, 13, 2
130, Carton Jaune, 82, 13, 5
131, Essai, 10, 14, 14
132, Transformation, 12, 14, 14
133, Carton Jaune, 27, 14, 11
134, Carton Jaune, 32, 14, 12
135, Essai, 38, 14, 14
136, Carton Rouge, 40, 14, 12
137, Drop, 50, 14, 11
138, Essai, 60, 14, 14
139, Essai, 65, 14, 14
140, Carton Jaune, 70, 14, 11
141, Essai, 15, 15, 9
142, Transformation, 16, 15, 9
143, Essai, 30, 15, 10
144, Drop, 42, 15, 11
145, Carton Jaune, 50, 15, 14
146, Essai, 58, 15, 9
147, Carton Jaune, 62, 15, 13
148, Carton Rouge, 75, 15, 10
149, Essai, 80, 15, 9
150, Carton Jaune, 82, 15, 14
151, Essai, 10, 16, 1
152, Transformation, 12, 16, 1
153, Carton Jaune, 27, 16, 3
154, Essai, 38, 16, 2
155, Drop, 45, 16, 1
156, Essai, 52, 16, 4
157, Carton Jaune, 60, 16, 3
158, Carton Rouge, 75, 16, 5
159, Essai, 80, 16, 1
160, Carton Jaune, 82, 16, 3
161, Essai, 7, 17, 2
162, Transformation, 8, 17, 2
163, Carton Jaune, 22, 17, 4
164, Essai, 33, 17, 3
165, Drop, 47, 17, 2
166, Essai, 54, 17, 2
167, Carton Jaune, 62, 17, 4
168, Carton Rouge, 75, 17, 6
169, Essai, 80, 17, 2
170, Carton Jaune, 82, 17, 4
171, Essai, 15, 18, 12
172, Transformation, 17, 18, 12
173, Essai, 25, 18, 9
174, Drop, 40, 18, 8
175, Carton Jaune, 48, 18, 13
176, Essai, 53, 18, 12
177, Carton Jaune, 60, 18, 14
178, Carton Rouge, 75, 18, 11
179, Essai, 80, 18, 12
180, Carton Jaune, 82, 18, 13
181, Essai, 5, 19, 1
182, Transformation, 7, 19, 1
183, Carton Jaune, 23, 19, 3
184, Essai, 35, 19, 2
185, Drop, 42, 19, 1
186, Essai, 48, 19, 4
187, Carton Jaune, 55, 19, 3
188, Carton Rouge, 72, 19, 5
189, Essai, 80, 19, 1
190, Carton Jaune, 82, 19, 7
191, Essai, 15, 20, 13
192, Transformation, 17, 20, 13
193, Essai, 25, 20, 9
194, Drop, 40, 20, 8
195, Carton Jaune, 48, 20, 12
196, Essai, 53, 20, 13
197, Carton Jaune, 60, 20, 14
198, Carton Rouge, 75, 20, 11
199, Essai, 80, 20, 13
200, Carton Jaune, 82, 20, 12
201, Essai, 7, 21, 4
202, Transformation, 8, 21, 4
203, Carton Jaune, 22, 21, 6
204, Essai, 33, 21, 5
205, Drop, 47, 21, 4
206, Essai, 54, 21, 4
207, Carton Jaune, 62, 21, 6
208, Carton Rouge, 75, 21, 9
209, Essai, 80, 21, 4
210, Carton Jaune, 82, 21, 6
211, Essai, 15, 22, 1
212, Transformation, 17, 22, 1
213, Essai, 25, 22, 10
214, Drop, 40, 22, 9
215, Carton Jaune, 48, 22, 14
216, Essai, 53, 22, 1
217, Carton Jaune, 60, 22, 13
218, Carton Rouge, 75, 22, 12
219, Essai, 80, 22, 1
220, Carton Jaune, 82, 22, 14
221, Essai, 5, 23, 2
222, Transformation, 7, 23, 2
223, Carton Jaune, 23, 23, 5
224, Essai, 35, 23, 2
225, Drop, 42, 23, 1
226, Essai, 48, 23, 3
227, Carton Jaune, 55, 23, 5
228, Carton Rouge, 72, 23, 6
229, Essai, 80, 23, 2
230, Carton Jaune, 82, 23, 5
231, Essai, 10, 24, 14
232, Transformation, 12, 24, 14
233, Carton Jaune, 27, 24, 11
234, Carton Jaune, 32, 24, 12
235, Essai, 38, 24, 14
236, Carton Rouge, 40, 24, 12
237, Drop, 50, 24, 11
238, Essai, 60, 24, 14
239, Essai, 65, 24, 14
240, Carton Jaune, 70, 24, 11
241, Essai, 15, 25, 9
242, Transformation, 16, 25, 9
243, Essai, 30, 25, 10
244, Drop, 42, 25, 11
245, Carton Jaune, 50, 25, 14
246, Essai, 58, 25, 9
247, Carton Jaune, 62, 25, 13
248, Carton Rouge, 75, 25, 10
249, Essai, 80, 25, 9
250, Carton Jaune, 82, 25, 14
251, Essai, 7, 26, 8
252, Transformation, 8, 26, 8
253, Carton Jaune, 20, 26, 12
254, Essai, 32, 26, 6
255, Drop, 48, 26, 9
256, Essai, 56, 26, 8
257, Carton Jaune, 65, 26, 12
258, Carton Rouge, 78, 26, 10
259, Essai, 80, 26, 8
260, Carton Jaune, 82, 26, 12
261, Essai, 10, 27, 13
262, Transformation, 12, 27, 13
263, Carton Jaune, 25, 27, 11
264, Carton Jaune, 32, 27, 12
265, Essai, 38, 27, 13
266, Carton Rouge, 40, 27, 12
267, Drop, 50, 27, 11
268, Essai, 60, 27, 13
269, Essai, 65, 27, 13
270, Carton Jaune, 70, 27, 11