entetes,numAdherent,prenom,nom,dateNaissance,tel,typeAdhesion,classement,datePaiement
adherents,1,John,Doe,1990-05-15,1234567890,adherent_normal,,2023-01-01
adherents,2,Jane,Smith,1995-08-20,9876543210,adherent_normal,,2023-01-15
adherents,3,Michael,Johnson,1987-11-10,5555555555,adherent_competition,1,2023-02-01
adherents,4,Sarah,Williams,1992-03-25,9999999999,adherent_normal,,2023-02-15
adherents,5,David,Brown,1988-06-05,1111111111,adherent_normal,,2023-03-01
adherents,6,Emily,Davis,1993-09-12,2222222222,adherent_normal,,2023-03-15
adherents,7,Christopher,Miller,1991-12-01,3333333333,adherent_competition,2,2023-04-01
adherents,8,Amanda,Anderson,1989-04-10,4444444444,adherent_normal,,2023-04-15
adherents,9,Daniel,Thomas,1996-07-18,6666666666,adherent_normal,,2023-05-01
adherents,10,Sophia,Wilson,1994-10-27,7777777777,adherent_normal,,2023-05-15
adherents,11,Matthew,Taylor,1986-01-05,8888888888,adherent_competition,3,2023-06-01
adherents,12,Olivia,Moore,1991-04-14,1212121212,adherent_normal,,2023-06-15
adherents,13,Andrew,Jackson,1997-07-23,1313131313,adherent_normal,,2023-07-01
adherents,14,Isabella,Martin,1992-10-02,1414141414,adherent_normal,,2023-07-15
adherents,15,Joshua,Lee,1988-01-11,1515151515,adherent_competition,4,2023-08-01
adherents,16,Elizabeth,Thompson,1993-04-20,1616161616,adherent_normal,,2023-08-15
adherents,17,Joseph,Harris,1989-07-29,1717171717,adherent_normal,,2023-09-01
adherents,18,Samantha,Garcia,1994-11-07,1818181818,adherent_normal,,2023-09-15
adherents,19,Charles,Martinez,1987-02-16,1919191919,adherent_competition,5,2023-10-01
adherents,20,Ashley,Robinson,1992-05-27,2020202020,adherent_normal,,2023-10-15
adherents,21,Thomas,Clark,1988-09-05,2121212121,adherent_normal,,2023-11-01
adherents,22,Lauren,Rodriguez,1993-12-14,2222222222,adherent_normal,,2023-11-15
adherents,23,Ryan,Lewis,1989-03-25,2323232323,adherent_competition,6,2023-12-01
adherents,24,Emily,Lee,1994-07-04,2424242424,adherent_normal,,2023-12-15
adherents,25,Benjamin,Walker,1986-10-13,2525252525,adherent_normal,,2024-01-01
adherents,26,Anna,Hall,1991-01-22,2626262626,adherent_normal,,2024-01-15
adherents,27,Ethan,Allen,1997-05-02,2727272727,adherent_competition,7,2024-02-01
adherents,28,Emma,Young,1992-08-11,2828282828,adherent_normal,,2024-02-15
adherents,29,Matthew,Hernandez,1988-11-20,2929292929,adherent_normal,,2024-03-01
adherents,30,Grace,King,1994-03-01,3030303030,adherent_normal,,2024-03-15
adherents,31,James,Wright,1986-06-10,3131313131,adherent_competition,8,2024-04-01
adherents,32,Chloe,Lopez,1991-09-19,3232323232,adherent_normal,,2024-04-15
adherents,33,David,Hill,1997-12-28,3333333333,adherent_normal,,2024-05-01
adherents,34,Sophia,Scott,1993-04-08,3434343434,adherent_normal,,2024-05-15
adherents,35,John,Green,1989-07-18,3535353535,adherent_competition,9,2024-06-01
adherents,36,Ashley,Adams,1994-10-27,3636363636,adherent_normal,,2024-06-15
adherents,37,Michael,Baker,1987-02-05,3737373737,adherent_normal,,2024-07-01
adherents,38,Isabella,Gonzalez,1992-05-16,3838383838,adherent_normal,,2024-07-15
adherents,39,William,Nelson,1988-08-25,3939393939,adherent_competition,10,2024-08-01
adherents,40,Abigail,Carter,1993-12-04,4040404040,adherent_normal,,2024-08-15
adherents,41,David,Mitchell,1989-03-14,4141414141,adherent_normal,,2024-09-01
adherents,42,Sophia,Perez,1994-06-23,4242424242,adherent_normal,,2024-09-15
adherents,43,Richard,Roberts,1986-10-02,4343434343,adherent_competition,11,2024-10-01
adherents,44,Olivia,Turner,1991-01-11,4444444444,adherent_normal,,2024-10-15
adherents,45,Joseph,Phillips,1997-04-21,4545454545,adherent_normal,,2024-11-01
adherents,46,Elizabeth,Campbell,1992-08-30,4646464646,adherent_competition,12,2024-11-15
adherents,47,Charles,Parker,1988-12-09,4747474747,adherent_normal,,2024-12-01
adherents,48,Lauren,Evans,1994-03-20,4848484848,adherent_normal,,2024-12-15
adherents,49,Matthew,Edwards,1986-06-29,4949494949,adherent_normal,,2025-01-01
adherents,50,Ashley,Collins,1991-10-08,5050505050,adherent_competition,13,2025-01-15
adherents,51,Andrew,Stewart,1997-01-17,5151515151,adherent_normal,,2025-02-01
adherents,52,Grace,Sanchez,1992-04-28,5252525252,adherent_normal,,2025-02-15
adherents,53,James,Morris,1988-08-07,5353535353,adherent_normal,,2025-03-01
adherents,54,Anna,Rogers,1993-11-16,5454545454,adherent_competition,14,2025-03-15
adherents,55,John,Reed,1989-02-24,5555555555,adherent_normal,,2025-04-01
adherents,56,Chloe,Cook,1994-06-05,5656565656,adherent_normal,,2025-04-15
adherents,57,Robert,Morgan,1986-09-14,5757575757,adherent_normal,,2025-05-01
adherents,58,Isabella,Bell,1991-12-24,5858585858,adherent_competition,15,2025-05-15
adherents,59,William,Murphy,1997-04-04,5959595959,adherent_normal,,2025-06-01
adherents,60,Elizabeth,Bailey,1992-07-14,6060606060,adherent_normal,,2025-06-15
entetes,numResa,hDebut,hFin,numTerrain,numAdherent,dateResa
entetes,numTerrain
terrains,1
terrains,2
terrains,3
reservations,1,10:00:00,11:00:00,1,1,2023-06-07
reservations,2,14:00:00,15:00:00,2,1,2023-06-07
reservations,3,16:00:00,17:00:00,1,2,2023-06-07
reservations,4,09:00:00,10:00:00,3,2,2023-06-07
reservations,5,10:00:00,11:00:00,2,3,2023-06-07
reservations,6,14:00:00,15:00:00,3,3,2023-06-07

